Sex,Year of birth,Cranial Volume (cm3),Winter temperature (standardized),Moose abundance (standardized),Wolf abundance (standardized),Winter temperature (categorical),Age at death
Male,1989,1627.769,0.817,0.629,-1.055,warm,5
Male,1989,1877.514,0.817,0.629,-1.055,warm,6
Male,1989,2015.398,0.817,0.629,-1.055,warm,6
Male,1988,1551.487,-0.411,0.135,-1.055,cold,7
Male,1988,2125.064,-0.411,0.135,-1.055,cold,7
Male,1989,1627.721,0.817,0.629,-1.055,warm,6
Male,1988,1798.191,-0.411,0.135,-1.055,cold,7
Male,1988,1899.418,-0.411,0.135,-1.055,cold,7
Male,1988,1830.985,-0.411,0.135,-1.055,cold,8
Male,1989,1682.392,0.817,0.629,-1.055,warm,6
Male,1989,1690.479,0.817,0.629,-1.055,warm,6
Male,1989,1509.832,0.817,0.629,-1.055,warm,6
Male,1989,1618.286,0.817,0.629,-1.055,warm,6
Male,1988,1894.674,-0.411,0.135,-1.055,cold,7
Male,1988,1547.281,-0.411,0.135,-1.055,cold,7
Male,1992,1842.853,0.075,2.137,-1.055,cold,6
Male,1992,1475.32,0.075,2.137,-1.055,cold,6
Male,1988,1911.28,-0.411,0.135,-1.055,cold,11
Male,1988,1658.631,-0.411,0.135,-1.055,cold,7
Male,1992,1629.946,0.075,2.137,-1.055,cold,7
Male,1989,1910.65,0.817,0.629,-1.055,warm,6
Male,1992,1559.692,0.075,2.137,-1.055,cold,8
Male,1991,1763.451,1.273,1.443,-1.055,warm,10
Male,1992,1839.47,0.075,2.137,-1.055,cold,9
Male,1989,1877.134,0.817,0.629,-1.055,warm,12
Male,1991,1917.67,1.273,1.443,-1.055,warm,10
Male,1988,2047.038,-0.411,0.135,-1.055,cold,12
Male,1992,1806.799,0.075,2.137,-1.055,cold,10
Male,1989,1614.188,0.817,0.629,-1.055,warm,12
Male,1988,1757.488,-0.411,0.135,-1.055,cold,7
Male,1992,1879.399,0.075,2.137,-1.055,cold,11
Male,1989,1943.941,0.817,0.629,-1.055,warm,13
Male,1992,1890.837,0.075,2.137,-1.055,cold,11
Male,1991,1821.815,1.273,1.443,-1.055,warm,12
Male,1988,1617.186,-0.411,0.135,-1.055,cold,8
Male,1989,1719.735,0.817,0.629,-1.055,warm,15
Male,1988,2072.318,-0.411,0.135,-1.055,cold,15
Male,1992,2168.916,0.075,2.137,-1.055,cold,12
Male,1992,1985.977,0.075,2.137,-1.055,cold,12
Male,1991,1993.952,1.273,1.443,-1.055,warm,13
Male,1991,1745.108,1.273,1.443,-1.055,warm,5
Male,1988,1813.006,-0.411,0.135,-1.055,cold,8
Male,1989,1948.336,0.817,0.629,-1.055,warm,13
Male,1992,1795.556,0.075,2.137,-1.055,cold,11
Male,1989,1577.008,0.817,0.629,-1.055,warm,14
Male,1991,1699.694,1.273,1.443,-1.055,warm,10
Male,1992,2083.193,0.075,2.137,-1.055,cold,13
Male,1991,1985.716,1.273,1.443,-1.055,warm,14
Male,1992,1646.561,0.075,2.137,-1.055,cold,9
Male,1989,1593.96,0.817,0.629,-1.055,warm,12
Male,1991,1925.13,1.273,1.443,-1.055,warm,13
Male,1992,1867.749,0.075,2.137,-1.055,cold,13
Male,1993,1739.986,-1.886,2.433,-0.944,cold,6
Male,1993,1728.604,-1.886,2.433,-0.944,cold,9
Male,1993,1632.398,-1.886,2.433,-0.944,cold,9
Male,1993,1892.367,-1.886,2.433,-0.944,cold,9
Male,1993,1764.647,-1.886,2.433,-0.944,cold,9
Male,1993,1747.567,-1.886,2.433,-0.944,cold,11
Male,1993,1977.475,-1.886,2.433,-0.944,cold,13
Male,1993,1982.279,-1.886,2.433,-0.944,cold,13
Male,1993,1867.267,-1.886,2.433,-0.944,cold,14
Male,1982,2162.993,1.213,-1.023,-0.832,warm,6
Male,1982,2182.505,1.213,-1.023,-0.832,warm,8
Male,1982,1989.666,1.213,-1.023,-0.832,warm,10
Male,1982,1893.731,1.213,-1.023,-0.832,warm,11
Male,1982,1871.583,1.213,-1.023,-0.832,warm,11
Male,1982,1883.374,1.213,-1.023,-0.832,warm,11
Male,1982,1926.552,1.213,-1.023,-0.832,warm,10
Male,1982,1940.667,1.213,-1.023,-0.832,warm,9
Male,1982,2110.967,1.213,-1.023,-0.832,warm,12
Male,1982,2285.839,1.213,-1.023,-0.832,warm,12
Male,1982,1925.952,1.213,-1.023,-0.832,warm,12
Male,1982,1925.794,1.213,-1.023,-0.832,warm,13
Male,1982,1997.727,1.213,-1.023,-0.832,warm,13
Male,1982,1921.677,1.213,-1.023,-0.832,warm,13
Male,1982,2186.289,1.213,-1.023,-0.832,warm,13
Male,1982,2060.936,1.213,-1.023,-0.832,warm,13
Male,1982,1918.337,1.213,-1.023,-0.832,warm,13
Male,1982,1893.395,1.213,-1.023,-0.832,warm,13
Male,1982,1725.16,1.213,-1.023,-0.832,warm,13
Male,1982,1957.947,1.213,-1.023,-0.832,warm,13
Male,1982,1986.085,1.213,-1.023,-0.832,warm,14
Male,1998,1754.053,0.669,-0.523,-0.832,warm,9
Male,1990,1559.518,0.104,0.82,-0.721,warm,5
Male,1990,1616.67,0.104,0.82,-0.721,warm,5
Male,1990,1654.379,0.104,0.82,-0.721,warm,5
Male,1990,1590.97,0.104,0.82,-0.721,warm,5
Male,1990,1781.673,0.104,0.82,-0.721,warm,5
Male,1990,1746.01,0.104,0.82,-0.721,warm,5
Male,1990,1599.668,0.104,0.82,-0.721,warm,5
Male,1990,1663.831,0.104,0.82,-0.721,warm,5
Male,1990,1998.342,0.104,0.82,-0.721,warm,5
Male,1990,1710.152,0.104,0.82,-0.721,warm,5
Male,1990,1779.362,0.104,0.82,-0.721,warm,5
Male,1990,1774.293,0.104,0.82,-0.721,warm,5
Male,1990,1916.272,0.104,0.82,-0.721,warm,5
Male,1990,1543.853,0.104,0.82,-0.721,warm,5
Male,1990,1504.946,0.104,0.82,-0.721,warm,5
Male,1990,1906.296,0.104,0.82,-0.721,warm,5
Male,1990,1776.374,0.104,0.82,-0.721,warm,5
Male,1990,1732.575,0.104,0.82,-0.721,warm,5
Male,1990,1513.485,0.104,0.82,-0.721,warm,5
Male,1990,1603.586,0.104,0.82,-0.721,warm,6
Male,1990,1800.581,0.104,0.82,-0.721,warm,13
Male,1990,1974.996,0.104,0.82,-0.721,warm,13
Male,1987,2113.214,-1.054,-0.106,-0.609,cold,8
Male,1987,1825.369,-1.054,-0.106,-0.609,cold,8
Male,1987,2472.569,-1.054,-0.106,-0.609,cold,8
Male,1987,1747.328,-1.054,-0.106,-0.609,cold,8
Male,1987,1975.888,-1.054,-0.106,-0.609,cold,8
Male,1987,1667.603,-1.054,-0.106,-0.609,cold,8
Male,1987,1866.003,-1.054,-0.106,-0.609,cold,8
Male,1987,2158.356,-1.054,-0.106,-0.609,cold,8
Male,1987,1715.776,-1.054,-0.106,-0.609,cold,11
Male,1987,1861.524,-1.054,-0.106,-0.609,cold,11
Male,1987,2163.656,-1.054,-0.106,-0.609,cold,8
Male,1987,2135.187,-1.054,-0.106,-0.609,cold,8
Male,1987,1995.954,-1.054,-0.106,-0.609,cold,14
Male,1987,1574.656,-1.054,-0.106,-0.609,cold,9
Male,1987,1896.934,-1.054,-0.106,-0.609,cold,8
Male,1995,1773.781,-1.163,3.58,-0.609,cold,8
Male,1987,2155.644,-1.054,-0.106,-0.609,cold,8
Male,1987,1986.091,-1.054,-0.106,-0.609,cold,8
Male,1995,1832.192,-1.163,3.58,-0.609,cold,11
Male,1969,2034.956,-0.955,-0.125,-0.497,cold,12
Male,1969,2031.064,-0.955,-0.125,-0.497,cold,12
Male,1969,2144.091,-0.955,-0.125,-0.497,cold,15
Male,1969,1964.098,-0.955,-0.125,-0.497,cold,16
Male,1969,2258.326,-0.955,-0.125,-0.497,cold,16
Male,1969,2066.202,-0.955,-0.125,-0.497,cold,16
Male,1969,2197.847,-0.955,-0.125,-0.497,cold,15
Male,1994,1720.091,0.193,3.237,-0.497,warm,6
Male,1994,1812.995,0.193,3.237,-0.497,warm,6
Male,1969,1806.131,-0.955,-0.125,-0.497,cold,15
Male,1969,1890.846,-0.955,-0.125,-0.497,cold,15
Male,1994,1772.224,0.193,3.237,-0.497,warm,11
Male,1994,1854.641,0.193,3.237,-0.497,warm,11
Male,1994,2068.478,0.193,3.237,-0.497,warm,12
Male,1970,1843.806,-0.975,-0.11,-0.386,cold,11
Male,1970,2032.435,-0.975,-0.11,-0.386,cold,11
Male,1970,2158.639,-0.975,-0.11,-0.386,cold,12
Male,1970,2064.83,-0.975,-0.11,-0.386,cold,13
Male,1970,1903.435,-0.975,-0.11,-0.386,cold,13
Male,1970,2138.99,-0.975,-0.11,-0.386,cold,15
Male,1970,2313.538,-0.975,-0.11,-0.386,cold,15
Male,1970,2076.896,-0.975,-0.11,-0.386,cold,15
Male,1970,2187.433,-0.975,-0.11,-0.386,cold,15
Male,1970,2360.615,-0.975,-0.11,-0.386,cold,11
Male,1971,1837.204,-1.688,0.364,-0.162,cold,10
Male,1971,1738.795,-1.688,0.364,-0.162,cold,12
Male,1971,1914.458,-1.688,0.364,-0.162,cold,12
Male,1971,2082.789,-1.688,0.364,-0.162,cold,13
Male,1971,2211.293,-1.688,0.364,-0.162,cold,14
Male,1986,1904.739,1.788,-0.216,-0.162,warm,5
Male,1986,1787.693,1.788,-0.216,-0.162,warm,5
Male,1971,1916.501,-1.688,0.364,-0.162,cold,15
Male,1986,1864.584,1.788,-0.216,-0.162,warm,6
Male,1971,1968.352,-1.688,0.364,-0.162,cold,10
Male,1986,1556.479,1.788,-0.216,-0.162,warm,8
Male,1986,2178.628,1.788,-0.216,-0.162,warm,9
Male,1986,2111.023,1.788,-0.216,-0.162,warm,9
Male,1986,1806.509,1.788,-0.216,-0.162,warm,9
Male,1986,2100.612,1.788,-0.216,-0.162,warm,9
Male,1986,2011.201,1.788,-0.216,-0.162,warm,9
Male,1986,2066.901,1.788,-0.216,-0.162,warm,9
Male,1986,1963.691,1.788,-0.216,-0.162,warm,9
Male,1986,1890.904,1.788,-0.216,-0.162,warm,9
Male,1986,2006.698,1.788,-0.216,-0.162,warm,10
Male,1986,2145.535,1.788,-0.216,-0.162,warm,10
Male,1986,1973.214,1.788,-0.216,-0.162,warm,9
Male,1986,1735.265,1.788,-0.216,-0.162,warm,9
Male,1986,2172.837,1.788,-0.216,-0.162,warm,9
Male,1986,1723.679,1.788,-0.216,-0.162,warm,9
Male,1986,1915.326,1.788,-0.216,-0.162,warm,9
Male,1971,1898.523,-1.688,0.364,-0.162,cold,13
Male,1986,1668.09,1.788,-0.216,-0.162,warm,9
Male,1986,1787.898,1.788,-0.216,-0.162,warm,9
Male,1986,1844.966,1.788,-0.216,-0.162,warm,9
Male,1986,1972.126,1.788,-0.216,-0.162,warm,14
Male,1986,2013.894,1.788,-0.216,-0.162,warm,15
Male,1986,1978.526,1.788,-0.216,-0.162,warm,9
Male,1986,1844.273,1.788,-0.216,-0.162,warm,9
Male,1967,1880.019,-0.49,-1.072,0.061,cold,8
Male,1967,1851.779,-0.49,-1.072,0.061,cold,11
Male,1967,1997.992,-0.49,-1.072,0.061,cold,14
Male,1967,1932.969,-0.49,-1.072,0.061,cold,14
Male,1968,2327.388,-0.074,-0.788,0.061,cold,13
Male,1968,2088.365,-0.074,-0.788,0.061,cold,14
Male,1968,1883.047,-0.074,-0.788,0.061,cold,14
Male,1968,2111.676,-0.074,-0.788,0.061,cold,14
Male,1968,2396.461,-0.074,-0.788,0.061,cold,15
Male,1968,2018.266,-0.074,-0.788,0.061,cold,16
Male,1968,2043.143,-0.074,-0.788,0.061,cold,17
Male,1968,2073.406,-0.074,-0.788,0.061,cold,17
Male,1967,2032.592,-0.49,-1.072,0.061,cold,17
Male,1968,2218.631,-0.074,-0.788,0.061,cold,18
Male,1968,1636.594,-0.074,-0.788,0.061,cold,20
Male,1985,1856.985,0.451,-0.347,0.061,warm,7
Male,1985,1933.837,0.451,-0.347,0.061,warm,7
Male,1968,1586.25,-0.074,-0.788,0.061,cold,13
Male,1968,1996.504,-0.074,-0.788,0.061,cold,8
Male,1985,2159.685,0.451,-0.347,0.061,warm,9
Male,1985,1978.43,0.451,-0.347,0.061,warm,10
Male,1985,1982.717,0.451,-0.347,0.061,warm,10
Male,1985,1913.572,0.451,-0.347,0.061,warm,10
Male,1985,1718.486,0.451,-0.347,0.061,warm,10
Male,1985,1851.283,0.451,-0.347,0.061,warm,10
Male,1985,2042.999,0.451,-0.347,0.061,warm,10
Male,1985,1600.962,0.451,-0.347,0.061,warm,10
Male,1985,2080.483,0.451,-0.347,0.061,warm,10
Male,1985,1707.16,0.451,-0.347,0.061,warm,10
Male,1985,1668.172,0.451,-0.347,0.061,warm,10
Male,1985,1854.164,0.451,-0.347,0.061,warm,10
Male,1985,1858.29,0.451,-0.347,0.061,warm,10
Male,1985,2012.861,0.451,-0.347,0.061,warm,10
Male,1985,1620.973,0.451,-0.347,0.061,warm,6
Male,1985,1904.654,0.451,-0.347,0.061,warm,10
Male,1985,2044.142,0.451,-0.347,0.061,warm,10
Male,1985,2153.572,0.451,-0.347,0.061,warm,13
Male,1985,1842.853,0.451,-0.347,0.061,warm,13
Male,1985,1983.675,0.451,-0.347,0.061,warm,10
Male,1985,1996.329,0.451,-0.347,0.061,warm,10
Male,1985,2104.556,0.451,-0.347,0.061,warm,9
Male,1972,1928.675,0.471,0.572,0.173,warm,7
Male,1972,1813.348,0.471,0.572,0.173,warm,10
Male,1972,2336.188,0.471,0.572,0.173,warm,11
Male,1972,2376.249,0.471,0.572,0.173,warm,13
Male,1972,2405.081,0.471,0.572,0.173,warm,13
Male,1972,2156.85,0.471,0.572,0.173,warm,14
Male,1972,1957.878,0.471,0.572,0.173,warm,14
Male,1983,1987.649,0.768,-0.849,0.173,warm,9
Male,1983,1741.928,0.768,-0.849,0.173,warm,9
Male,1983,2090.048,0.768,-0.849,0.173,warm,10
Male,1983,2040.931,0.768,-0.849,0.173,warm,11
Male,1983,1807.191,0.768,-0.849,0.173,warm,11
Male,1983,2145.062,0.768,-0.849,0.173,warm,11
Male,1983,2021.548,0.768,-0.849,0.173,warm,11
Male,1983,1527.434,0.768,-0.849,0.173,warm,12
Male,1983,1796.054,0.768,-0.849,0.173,warm,12
Male,1983,2048.883,0.768,-0.849,0.173,warm,12
Male,1983,1943.146,0.768,-0.849,0.173,warm,12
Male,1983,1744.605,0.768,-0.849,0.173,warm,12
Male,1983,2038.269,0.768,-0.849,0.173,warm,12
Male,1983,2040.891,0.768,-0.849,0.173,warm,11
Male,1983,1891.869,0.768,-0.849,0.173,warm,12
Male,1983,1909.641,0.768,-0.849,0.173,warm,12
Male,1983,2082.579,0.768,-0.849,0.173,warm,12
Male,1983,1674.965,0.768,-0.849,0.173,warm,12
Male,1983,2030.386,0.768,-0.849,0.173,warm,12
Male,1983,1905.572,0.768,-0.849,0.173,warm,12
Male,1983,1932.22,0.768,-0.849,0.173,warm,15
Male,1983,1942.991,0.768,-0.849,0.173,warm,17
Male,1983,1976.208,0.768,-0.849,0.173,warm,13
Male,1983,2280.454,0.768,-0.849,0.173,warm,12
Male,1983,2055.591,0.768,-0.849,0.173,warm,12
Male,1973,2003.619,-0.599,0.475,0.284,cold,14
Male,1973,2144.257,-0.599,0.475,0.284,cold,15
Male,1973,2144.586,-0.599,0.475,0.284,cold,13
Male,1984,1721.284,-0.648,-0.516,0.284,cold,8
Male,1984,1842.753,-0.648,-0.516,0.284,cold,10
Male,1984,1776.174,-0.648,-0.516,0.284,cold,10
Male,1984,2080.249,-0.648,-0.516,0.284,cold,10
Male,1973,1991.133,-0.599,0.475,0.284,cold,11
Male,1984,1976.99,-0.648,-0.516,0.284,cold,10
Male,1984,2286.003,-0.648,-0.516,0.284,cold,10
Male,1984,1869.289,-0.648,-0.516,0.284,cold,11
Male,1984,1985.57,-0.648,-0.516,0.284,cold,11
Male,1984,1848.669,-0.648,-0.516,0.284,cold,11
Male,1984,1794.81,-0.648,-0.516,0.284,cold,11
Male,1984,1849.769,-0.648,-0.516,0.284,cold,12
Male,1984,1998.206,-0.648,-0.516,0.284,cold,11
Male,1984,2323.071,-0.648,-0.516,0.284,cold,11
Male,1984,2124.135,-0.648,-0.516,0.284,cold,11
Male,1984,1735.185,-0.648,-0.516,0.284,cold,11
Male,1984,1935.798,-0.648,-0.516,0.284,cold,7
Male,1984,1960.914,-0.648,-0.516,0.284,cold,11
Male,1984,1899.768,-0.648,-0.516,0.284,cold,11
Male,1984,1936.174,-0.648,-0.516,0.284,cold,11
Male,1984,2008.693,-0.648,-0.516,0.284,cold,12
Male,1984,1871.65,-0.648,-0.516,0.284,cold,11
Male,1997,1749.191,2.273,-0.609,0.284,warm,6
Male,1984,1750.687,-0.648,-0.516,0.284,cold,11
Male,1984,1870.154,-0.648,-0.516,0.284,cold,11
Male,1984,1833.947,-0.648,-0.516,0.284,cold,11
Male,1999,1757.514,0.688,-0.275,0.396,warm,6
Male,1966,2000.761,-1.074,-1.432,0.508,cold,9
Male,1966,1744.743,-1.074,-1.432,0.508,cold,13
Male,1966,1881.325,-1.074,-1.432,0.508,cold,13
Male,1966,2004.409,-1.074,-1.432,0.508,cold,15
Male,1966,2267.08,-1.074,-1.432,0.508,cold,19
Male,1965,1706.463,-1.351,-1.525,0.731,cold,9
Male,1981,1736.199,-1.549,-1.067,0.954,cold,8
Male,1981,2047.286,-1.549,-1.067,0.954,cold,10
Male,1981,1944.026,-1.549,-1.067,0.954,cold,10
Male,1981,1955.632,-1.549,-1.067,0.954,cold,10
Male,1981,1844.589,-1.549,-1.067,0.954,cold,11
Male,1981,2112.378,-1.549,-1.067,0.954,cold,12
Male,1981,2131.908,-1.549,-1.067,0.954,cold,11
Male,1981,2003.235,-1.549,-1.067,0.954,cold,12
Male,1981,2070.785,-1.549,-1.067,0.954,cold,13
Male,1981,1474.993,-1.549,-1.067,0.954,cold,15
Male,1981,2139.114,-1.549,-1.067,0.954,cold,14
Male,1981,2156.769,-1.549,-1.067,0.954,cold,15
Male,1974,2052.837,0.055,0.435,1.066,cold,11
Male,1974,2032.002,0.055,0.435,1.066,cold,12
Male,1974,1729.116,0.055,0.435,1.066,cold,14
Male,1974,1982.229,0.055,0.435,1.066,cold,16
Male,1974,2101.09,0.055,0.435,1.066,cold,17
Male,1977,2212.257,-1.015,-0.441,1.401,cold,12
Male,1977,2053.916,-1.015,-0.441,1.401,cold,12
Male,1977,2103.714,-1.015,-0.441,1.401,cold,14
Male,1977,1776.571,-1.015,-0.441,1.401,cold,14
Male,1977,1612.32,-1.015,-0.441,1.401,cold,9
Male,1978,1977.365,-1.916,-0.8,2.071,cold,5
Male,1978,1778.019,-1.916,-0.8,2.071,cold,12
Male,1978,1909.561,-1.916,-0.8,2.071,cold,12
Male,1978,2096.699,-1.916,-0.8,2.071,cold,12
Male,1978,1921.31,-1.916,-0.8,2.071,cold,13
Male,1978,1994.689,-1.916,-0.8,2.071,cold,8
Male,1975,1882.736,0.322,0.214,2.182,warm,9
Male,1975,2221.876,0.322,0.214,2.182,warm,11
Male,1975,1865.544,0.322,0.214,2.182,warm,16
Male,1975,1960.879,0.322,0.214,2.182,warm,15
Male,1975,1926.165,0.322,0.214,2.182,warm,16
Male,1975,1621.122,0.322,0.214,2.182,warm,9
Male,1975,1805.353,0.322,0.214,2.182,warm,9
Male,1975,1997.37,0.322,0.214,2.182,warm,9
Male,1979,1984.26,-0.213,-0.757,2.406,cold,9
Male,1979,1943.611,-0.213,-0.757,2.406,cold,10
Male,1979,2172.98,-0.213,-0.757,2.406,cold,12
Male,1979,2001.751,-0.213,-0.757,2.406,cold,12
Male,1979,2116.498,-0.213,-0.757,2.406,cold,15
Male,1979,1822.503,-0.213,-0.757,2.406,cold,13
Male,1976,2277.898,-0.718,-0.023,2.517,cold,12
Male,1976,2186.989,-0.718,-0.023,2.517,cold,15
Male,1976,1682.28,-0.718,-0.023,2.517,cold,16
Male,1976,1961.093,-0.718,-0.023,2.517,cold,10
Male,1976,1825.936,-0.718,-0.023,2.517,cold,8
Male,1976,2257.974,-0.718,-0.023,2.517,cold,15
Male,1980,2033.62,0.609,-0.993,3.187,warm,11
Male,1980,1865.921,0.609,-0.993,3.187,warm,11
Male,1980,2128.504,0.609,-0.993,3.187,warm,11
Male,1980,1756.307,0.609,-0.993,3.187,warm,11
Male,1980,1732.975,0.609,-0.993,3.187,warm,11
Male,1980,2189.801,0.609,-0.993,3.187,warm,15
Male,1980,1956.162,0.609,-0.993,3.187,warm,15
Female,1988,1434.662,-0.329,0.163,-1.064,cold,5
Female,1989,1531.218,0.855,0.644,-1.064,warm,6
Female,1988,1621.444,-0.329,0.163,-1.064,cold,7
Female,1989,1458.345,0.855,0.644,-1.064,warm,6
Female,1989,1690.408,0.855,0.644,-1.064,warm,6
Female,1988,1416.854,-0.329,0.163,-1.064,cold,7
Female,1988,1497.177,-0.329,0.163,-1.064,cold,7
Female,1988,1620.402,-0.329,0.163,-1.064,cold,7
Female,1989,1500.078,0.855,0.644,-1.064,warm,6
Female,1988,1529.363,-0.329,0.163,-1.064,cold,10
Female,1989,1546.644,0.855,0.644,-1.064,warm,6
Female,1989,1492.478,0.855,0.644,-1.064,warm,6
Female,1988,1545.325,-0.329,0.163,-1.064,cold,10
Female,1989,1375.881,0.855,0.644,-1.064,warm,7
Female,1989,1314.702,0.855,0.644,-1.064,warm,6
Female,1989,1434.569,0.855,0.644,-1.064,warm,6
Female,1988,1543.949,-0.329,0.163,-1.064,cold,12
Female,1991,1328.689,1.294,1.436,-1.064,warm,9
Female,1989,1419.147,0.855,0.644,-1.064,warm,11
Female,1991,1389.416,1.294,1.436,-1.064,warm,6
Female,1991,1486.112,1.294,1.436,-1.064,warm,10
Female,1991,1514.19,1.294,1.436,-1.064,warm,9
Female,1989,1446.69,0.855,0.644,-1.064,warm,6
Female,1991,1274.164,1.294,1.436,-1.064,warm,10
Female,1989,1391.766,0.855,0.644,-1.064,warm,12
Female,1989,1418.981,0.855,0.644,-1.064,warm,13
Female,1989,1606.151,0.855,0.644,-1.064,warm,13
Female,1989,1567.809,0.855,0.644,-1.064,warm,13
Female,1989,1446.716,0.855,0.644,-1.064,warm,13
Female,1989,1506.269,0.855,0.644,-1.064,warm,14
Female,1992,1317.192,0.139,2.111,-1.064,cold,10
Female,1992,1418.697,0.139,2.111,-1.064,cold,11
Female,1988,1537.353,-0.329,0.163,-1.064,cold,15
Female,1989,1532.981,0.855,0.644,-1.064,warm,6
Female,1988,1577.811,-0.329,0.163,-1.064,cold,8
Female,1991,1645.839,1.294,1.436,-1.064,warm,13
Female,1991,1248.618,1.294,1.436,-1.064,warm,13
Female,1992,1578.839,0.139,2.111,-1.064,cold,12
Female,1988,1413.459,-0.329,0.163,-1.064,cold,7
Female,1988,1727.518,-0.329,0.163,-1.064,cold,15
Female,1988,1617.618,-0.329,0.163,-1.064,cold,7
Female,1989,1218.267,0.855,0.644,-1.064,warm,6
Female,1989,1073.063,0.855,0.644,-1.064,warm,6
Female,1991,1200.632,1.294,1.436,-1.064,warm,14
Female,1992,1437.967,0.139,2.111,-1.064,cold,13
Female,1989,1254.549,0.855,0.644,-1.064,warm,17
Female,1989,1614.793,0.855,0.644,-1.064,warm,6
Female,1991,1471.032,1.294,1.436,-1.064,warm,14
Female,1992,1533.651,0.139,2.111,-1.064,cold,10
Female,1991,1607.291,1.294,1.436,-1.064,warm,16
Female,1992,1436.583,0.139,2.111,-1.064,cold,15
Female,1988,1718.595,-0.329,0.163,-1.064,cold,19
Female,1989,1950.732,0.855,0.644,-1.064,warm,18
Female,1993,1239.504,-1.751,2.399,-0.953,cold,5
Female,1993,1299.996,-1.751,2.399,-0.953,cold,5
Female,1993,1533.611,-1.751,2.399,-0.953,cold,5
Female,1993,1375.376,-1.751,2.399,-0.953,cold,5
Female,1993,1467.712,-1.751,2.399,-0.953,cold,8
Female,1993,1480.984,-1.751,2.399,-0.953,cold,11
Female,1993,1558.206,-1.751,2.399,-0.953,cold,11
Female,1993,1579.814,-1.751,2.399,-0.953,cold,12
Female,1993,1462.609,-1.751,2.399,-0.953,cold,13
Female,1982,1407.559,1.237,-0.964,-0.841,warm,6
Female,1982,1615.426,1.237,-0.964,-0.841,warm,10
Female,1982,1403.088,1.237,-0.964,-0.841,warm,10
Female,1982,1506.265,1.237,-0.964,-0.841,warm,12
Female,1982,1492.582,1.237,-0.964,-0.841,warm,12
Female,1982,1540.238,1.237,-0.964,-0.841,warm,12
Female,1982,1424.166,1.237,-0.964,-0.841,warm,12
Female,1982,1493.893,1.237,-0.964,-0.841,warm,13
Female,1982,1671.748,1.237,-0.964,-0.841,warm,13
Female,1982,1583.175,1.237,-0.964,-0.841,warm,12
Female,1982,1503.847,1.237,-0.964,-0.841,warm,14
Female,1982,1578.009,1.237,-0.964,-0.841,warm,13
Female,1982,1686.75,1.237,-0.964,-0.841,warm,13
Female,1982,1387.881,1.237,-0.964,-0.841,warm,16
Female,1982,1530.568,1.237,-0.964,-0.841,warm,16
Female,1982,1596.609,1.237,-0.964,-0.841,warm,13
Female,1982,1360.64,1.237,-0.964,-0.841,warm,10
Female,1982,1623.806,1.237,-0.964,-0.841,warm,15
Female,1982,1482.219,1.237,-0.964,-0.841,warm,13
Female,1998,1328.773,0.712,-0.477,-0.841,warm,9
Female,1990,1550.194,0.167,0.829,-0.73,warm,5
Female,1990,1437.889,0.167,0.829,-0.73,warm,5
Female,1990,1299.683,0.167,0.829,-0.73,warm,5
Female,1990,1306.104,0.167,0.829,-0.73,warm,8
Female,1990,1520.043,0.167,0.829,-0.73,warm,9
Female,1990,1445.439,0.167,0.829,-0.73,warm,10
Female,1990,1442.541,0.167,0.829,-0.73,warm,13
Female,1990,1401.442,0.167,0.829,-0.73,warm,13
Female,1990,1507.31,0.167,0.829,-0.73,warm,13
Female,1990,1575.965,0.167,0.829,-0.73,warm,13
Female,1990,1321.917,0.167,0.829,-0.73,warm,5
Female,1990,1421.92,0.167,0.829,-0.73,warm,5
Female,1990,1320.848,0.167,0.829,-0.73,warm,5
Female,1990,1256.536,0.167,0.829,-0.73,warm,14
Female,1987,1493.351,-0.949,-0.072,-0.619,cold,8
Female,1987,1558.237,-0.949,-0.072,-0.619,cold,8
Female,1987,1630.66,-0.949,-0.072,-0.619,cold,8
Female,1987,1448.192,-0.949,-0.072,-0.619,cold,8
Female,1987,1612.379,-0.949,-0.072,-0.619,cold,11
Female,1987,1273.642,-0.949,-0.072,-0.619,cold,8
Female,1987,1515.984,-0.949,-0.072,-0.619,cold,11
Female,1987,1611.095,-0.949,-0.072,-0.619,cold,12
Female,1987,1487.178,-0.949,-0.072,-0.619,cold,12
Female,1987,1518.466,-0.949,-0.072,-0.619,cold,12
Female,1987,1585.588,-0.949,-0.072,-0.619,cold,8
Female,1987,1465.613,-0.949,-0.072,-0.619,cold,13
Female,1987,1402.425,-0.949,-0.072,-0.619,cold,12
Female,1987,1362.67,-0.949,-0.072,-0.619,cold,7
Female,1987,1429.811,-0.949,-0.072,-0.619,cold,8
Female,1987,1541.785,-0.949,-0.072,-0.619,cold,14
Female,1987,1478.459,-0.949,-0.072,-0.619,cold,14
Female,1987,1541.784,-0.949,-0.072,-0.619,cold,8
Female,1987,1717.148,-0.949,-0.072,-0.619,cold,17
Female,1987,1580.129,-0.949,-0.072,-0.619,cold,8
Female,1969,1587.565,-0.854,-0.09,-0.508,cold,16
Female,1994,1352.47,0.253,3.182,-0.508,warm,8
Female,1994,1533.612,0.253,3.182,-0.508,warm,9
Female,1994,1693.306,0.253,3.182,-0.508,warm,9
Female,1994,1410.912,0.253,3.182,-0.508,warm,8
Female,1994,1387.97,0.253,3.182,-0.508,warm,9
Female,1994,1754.408,0.253,3.182,-0.508,warm,11
Female,1970,1658.439,-0.873,-0.075,-0.397,cold,12
Female,1970,1614.682,-0.873,-0.075,-0.397,cold,17
Female,1970,1567.797,-0.873,-0.075,-0.397,cold,14
Female,1971,1983.299,-1.56,0.386,-0.174,cold,8
Female,1963,1534.498,0.826,-1.58,-0.174,warm,16
Female,1971,1400.846,-1.56,0.386,-0.174,cold,8
Female,1971,1513.212,-1.56,0.386,-0.174,cold,9
Female,1963,1556.353,0.826,-1.58,-0.174,warm,19
Female,1971,1492.911,-1.56,0.386,-0.174,cold,12
Female,1971,1583.966,-1.56,0.386,-0.174,cold,12
Female,1971,1494.617,-1.56,0.386,-0.174,cold,14
Female,1971,1884.353,-1.56,0.386,-0.174,cold,15
Female,1971,1689.975,-1.56,0.386,-0.174,cold,15
Female,1971,1325.952,-1.56,0.386,-0.174,cold,15
Female,1971,1449.472,-1.56,0.386,-0.174,cold,15
Female,1971,1529.564,-1.56,0.386,-0.174,cold,16
Female,1971,1386.062,-1.56,0.386,-0.174,cold,16
Female,1971,1656.931,-1.56,0.386,-0.174,cold,17
Female,1971,1765.828,-1.56,0.386,-0.174,cold,17
Female,1971,1674.074,-1.56,0.386,-0.174,cold,17
Female,1971,1638.021,-1.56,0.386,-0.174,cold,18
Female,1986,1491.123,1.79,-0.179,-0.174,warm,9
Female,1986,1483.752,1.79,-0.179,-0.174,warm,9
Female,1986,1555.511,1.79,-0.179,-0.174,warm,12
Female,1986,1561.91,1.79,-0.179,-0.174,warm,12
Female,1986,1668.786,1.79,-0.179,-0.174,warm,9
Female,1986,1538.731,1.79,-0.179,-0.174,warm,9
Female,1986,1683.532,1.79,-0.179,-0.174,warm,15
Female,1986,1381.088,1.79,-0.179,-0.174,warm,16
Female,1986,1484.245,1.79,-0.179,-0.174,warm,17
Female,1986,1603.497,1.79,-0.179,-0.174,warm,17
Female,1986,1666.103,1.79,-0.179,-0.174,warm,18
Female,1986,1786.185,1.79,-0.179,-0.174,warm,20
Female,1986,1607.047,1.79,-0.179,-0.174,warm,20
Female,1968,1481.267,-0.004,-0.735,0.048,cold,11
Female,1968,1465.79,-0.004,-0.735,0.048,cold,12
Female,1967,1499.021,-0.405,-1.011,0.048,cold,14
Female,1967,1632.038,-0.405,-1.011,0.048,cold,14
Female,1968,1363.037,-0.004,-0.735,0.048,cold,13
Female,1968,1434.484,-0.004,-0.735,0.048,cold,13
Female,1968,1638.78,-0.004,-0.735,0.048,cold,12
Female,1967,1612.226,-0.405,-1.011,0.048,cold,15
Female,1967,1492.333,-0.405,-1.011,0.048,cold,15
Female,1968,1516.587,-0.004,-0.735,0.048,cold,14
Female,1967,1977.062,-0.405,-1.011,0.048,cold,16
Female,1967,1715.728,-0.405,-1.011,0.048,cold,16
Female,1968,1655.106,-0.004,-0.735,0.048,cold,15
Female,1968,1567.976,-0.004,-0.735,0.048,cold,16
Female,1968,1724.194,-0.004,-0.735,0.048,cold,17
Female,1968,1661.327,-0.004,-0.735,0.048,cold,17
Female,1968,1877.387,-0.004,-0.735,0.048,cold,17
Female,1968,1471.967,-0.004,-0.735,0.048,cold,18
Female,1968,1584.305,-0.004,-0.735,0.048,cold,18
Female,1967,1888.86,-0.405,-1.011,0.048,cold,20
Female,1985,1570.548,0.502,-0.306,0.048,warm,6
Female,1985,1338.95,0.502,-0.306,0.048,warm,8
Female,1985,1565.032,0.502,-0.306,0.048,warm,8
Female,1985,1583.006,0.502,-0.306,0.048,warm,10
Female,1985,1629.815,0.502,-0.306,0.048,warm,10
Female,1985,1411.304,0.502,-0.306,0.048,warm,10
Female,1985,1577.226,0.502,-0.306,0.048,warm,10
Female,1967,1329.312,-0.405,-1.011,0.048,cold,5
Female,1985,1401.789,0.502,-0.306,0.048,warm,10
Female,1985,1572.613,0.502,-0.306,0.048,warm,13
Female,1985,1630.056,0.502,-0.306,0.048,warm,13
Female,1985,1415.343,0.502,-0.306,0.048,warm,10
Female,1985,1538.715,0.502,-0.306,0.048,warm,10
Female,1985,1503.043,0.502,-0.306,0.048,warm,10
Female,1985,1584.241,0.502,-0.306,0.048,warm,16
Female,1968,1385.91,-0.004,-0.735,0.048,cold,6
Female,1985,1456.689,0.502,-0.306,0.048,warm,10
Female,1985,1586.88,0.502,-0.306,0.048,warm,10
Female,1985,1754.026,0.502,-0.306,0.048,warm,17
Female,1985,1556.776,0.502,-0.306,0.048,warm,10
Female,1996,1552.824,-0.033,4.458,0.048,cold,10
Female,1985,1570.621,0.502,-0.306,0.048,warm,10
Female,1985,1755.697,0.502,-0.306,0.048,warm,10
Female,1972,1461.144,0.521,0.589,0.159,warm,7
Female,1972,1604.701,0.521,0.589,0.159,warm,12
Female,1972,1517.171,0.521,0.589,0.159,warm,13
Female,1972,1702.036,0.521,0.589,0.159,warm,14
Female,1972,1644.88,0.521,0.589,0.159,warm,15
Female,1972,1522.168,0.521,0.589,0.159,warm,15
Female,1972,1610.815,0.521,0.589,0.159,warm,16
Female,1983,1647.473,0.807,-0.794,0.159,warm,5
Female,1972,1611.648,0.521,0.589,0.159,warm,16
Female,1972,1761.88,0.521,0.589,0.159,warm,16
Female,1972,1577.252,0.521,0.589,0.159,warm,18
Female,1983,1616.117,0.807,-0.794,0.159,warm,8
Female,1972,1603.591,0.521,0.589,0.159,warm,20
Female,1983,1440.382,0.807,-0.794,0.159,warm,10
Female,1983,1517.875,0.807,-0.794,0.159,warm,9
Female,1983,1758.822,0.807,-0.794,0.159,warm,12
Female,1983,1560.832,0.807,-0.794,0.159,warm,12
Female,1983,1546.477,0.807,-0.794,0.159,warm,12
Female,1983,1739.412,0.807,-0.794,0.159,warm,12
Female,1983,1630.676,0.807,-0.794,0.159,warm,12
Female,1983,1520.864,0.807,-0.794,0.159,warm,11
Female,1983,1479.204,0.807,-0.794,0.159,warm,12
Female,1983,1422.461,0.807,-0.794,0.159,warm,12
Female,1983,1600.66,0.807,-0.794,0.159,warm,19
Female,1983,1449.428,0.807,-0.794,0.159,warm,13
Female,1983,1661.104,0.807,-0.794,0.159,warm,12
Female,1973,1512.825,-0.51,0.494,0.27,cold,11
Female,1973,1461.896,-0.51,0.494,0.27,cold,14
Female,1973,1580.681,-0.51,0.494,0.27,cold,14
Female,1973,1656.767,-0.51,0.494,0.27,cold,14
Female,1973,1626.451,-0.51,0.494,0.27,cold,15
Female,1973,1436.456,-0.51,0.494,0.27,cold,16
Female,1973,1742.338,-0.51,0.494,0.27,cold,19
Female,1984,1429.639,-0.558,-0.47,0.27,cold,11
Female,1984,1643.555,-0.558,-0.47,0.27,cold,11
Female,1984,1488.349,-0.558,-0.47,0.27,cold,11
Female,1984,1453.325,-0.558,-0.47,0.27,cold,11
Female,1984,1654.084,-0.558,-0.47,0.27,cold,11
Female,1984,1679.832,-0.558,-0.47,0.27,cold,14
Female,1973,1653.98,-0.51,0.494,0.27,cold,19
Female,1984,1600.835,-0.558,-0.47,0.27,cold,11
Female,1984,1367.871,-0.558,-0.47,0.27,cold,11
Female,1984,1492.938,-0.558,-0.47,0.27,cold,15
Female,1984,1422.503,-0.558,-0.47,0.27,cold,11
Female,1984,1639.5,-0.558,-0.47,0.27,cold,11
Female,1984,1470.847,-0.558,-0.47,0.27,cold,16
Female,1997,1335.704,2.258,-0.562,0.27,warm,5
Female,1984,1584.604,-0.558,-0.47,0.27,cold,20
Female,1997,1509.902,2.258,-0.562,0.27,warm,9
Female,1997,1580.613,2.258,-0.562,0.27,warm,9
Female,1997,1531.239,2.258,-0.562,0.27,warm,10
Female,1997,1354.483,2.258,-0.562,0.27,warm,10
Female,1984,1496.196,-0.558,-0.47,0.27,cold,11
Female,1966,1614.785,-0.968,-1.362,0.492,cold,14
Female,1966,1664.828,-0.968,-1.362,0.492,cold,15
Female,1966,1624.773,-0.968,-1.362,0.492,cold,17
Female,1966,1714.401,-0.968,-1.362,0.492,cold,17
Female,1966,1732.793,-0.968,-1.362,0.492,cold,18
Female,1966,1552.458,-0.968,-1.362,0.492,cold,18
Female,1966,1556.284,-0.968,-1.362,0.492,cold,18
Female,1965,1479.185,-1.236,-1.452,0.715,cold,7
Female,1965,1392.71,-1.236,-1.452,0.715,cold,13
Female,1965,1420.063,-1.236,-1.452,0.715,cold,15
Female,1965,1589.544,-1.236,-1.452,0.715,cold,16
Female,1981,1814.327,-1.427,-1.006,0.937,cold,7
Female,1981,1444.333,-1.427,-1.006,0.937,cold,7
Female,1981,1499.032,-1.427,-1.006,0.937,cold,12
Female,1981,1768.115,-1.427,-1.006,0.937,cold,12
Female,1981,1654.955,-1.427,-1.006,0.937,cold,13
Female,1981,1507.273,-1.427,-1.006,0.937,cold,14
Female,1981,1697.05,-1.427,-1.006,0.937,cold,14
Female,1981,1530.193,-1.427,-1.006,0.937,cold,14
Female,1981,1643.672,-1.427,-1.006,0.937,cold,14
Female,1981,1516.101,-1.427,-1.006,0.937,cold,14
Female,1981,1564.935,-1.427,-1.006,0.937,cold,14
Female,1981,1611.171,-1.427,-1.006,0.937,cold,14
Female,1981,1495.567,-1.427,-1.006,0.937,cold,14
Female,1981,1542.125,-1.427,-1.006,0.937,cold,19
Female,1981,1586.572,-1.427,-1.006,0.937,cold,11
Female,1974,1495.95,0.12,0.455,1.048,cold,11
Female,1974,1695.524,0.12,0.455,1.048,cold,14
Female,1974,1594.539,0.12,0.455,1.048,cold,15
Female,1974,1583.917,0.12,0.455,1.048,cold,16
Female,1974,1509.799,0.12,0.455,1.048,cold,18
Female,1974,1513.6,0.12,0.455,1.048,cold,19
Female,1977,1543.668,-0.911,-0.398,1.382,cold,11
Female,1977,1572.671,-0.911,-0.398,1.382,cold,14
Female,1977,1532.587,-0.911,-0.398,1.382,cold,14
Female,1977,1578.668,-0.911,-0.398,1.382,cold,14
Female,1978,1637.3,-1.78,-0.747,2.049,cold,10
Female,1978,1662.021,-1.78,-0.747,2.049,cold,11
Female,1978,1504.763,-1.78,-0.747,2.049,cold,12
Female,1978,1684.192,-1.78,-0.747,2.049,cold,13
Female,1978,1602.531,-1.78,-0.747,2.049,cold,17
Female,1975,1685.595,0.377,0.24,2.16,warm,12
Female,1975,1415.638,0.377,0.24,2.16,warm,12
Female,1979,1517.19,-0.138,-0.705,2.382,cold,8
Female,1979,1611.804,-0.138,-0.705,2.382,cold,8
Female,1979,1413.048,-0.138,-0.705,2.382,cold,10
Female,1979,1567.579,-0.138,-0.705,2.382,cold,13
Female,1979,1495.203,-0.138,-0.705,2.382,cold,16
Female,1979,1660.429,-0.138,-0.705,2.382,cold,16
Female,1979,1370.549,-0.138,-0.705,2.382,cold,16
Female,1979,1585.869,-0.138,-0.705,2.382,cold,16
Female,1976,1408.098,-0.625,0.009,2.493,cold,10
Female,1976,1606.076,-0.625,0.009,2.493,cold,17
Female,1976,1544.594,-0.625,0.009,2.493,cold,16
Female,1976,1656.589,-0.625,0.009,2.493,cold,8
Female,1980,2059.137,0.654,-0.935,3.16,warm,7
Female,1980,1584.593,0.654,-0.935,3.16,warm,8
Female,1980,1588.81,0.654,-0.935,3.16,warm,15
Female,1980,1588.661,0.654,-0.935,3.16,warm,15
Female,1980,1590.482,0.654,-0.935,3.16,warm,15
Female,1980,1391.073,0.654,-0.935,3.16,warm,15
Female,1980,1641.945,0.654,-0.935,3.16,warm,17
Female,1980,1660.901,0.654,-0.935,3.16,warm,16